insert into projekt (id, version, beschreibung, max_schueler, name) values
  (1, 0, 'Lorem ipsum dolor sit amet, consectetur adipiscing elit, sed do eiusmod tempor incididunt ut labore et dolore magna aliqua.', 5, 'IT-Parship');
insert into projekt (id, version, beschreibung, max_schueler, name) values
  (2, 0, 'Vulputate sapien nec sagittis aliquam malesuada bibendum.', 7, 'Wiener Linien');
insert into projekt (id, version, beschreibung, max_schueler, name) values
  (3, 0, 'Orci dapibus ultrices in iaculis nunc sed augue.', 7, 'Toft Vision');
insert into projekt (id, version, beschreibung, max_schueler, name) values
  (4, 0, 'Malesuada fames ac turpis egestas. Egestas congue quisque egestas diam in.', 5, 'CODB');

insert into kompetenz (id, version, beschreibung) values (1, 0, 'Video');
insert into kompetenz (id, version, beschreibung) values (2, 0, 'Audio');
insert into kompetenz (id, version, beschreibung) values (3, 0, 'Angular');
insert into kompetenz (id, version, beschreibung) values (4, 0, 'Java');
insert into kompetenz (id, version, beschreibung) values (5, 0, 'Design');
insert into kompetenz (id, version, beschreibung) values (6, 0, 'PHP');

insert into anforderung (id, version, ausmass, kompetenz_id, projekt) values (1, 0, 7, 3, 1);
insert into anforderung (id, version, ausmass, kompetenz_id, projekt) values (2, 0, 6, 4, 1);
insert into anforderung (id, version, ausmass, kompetenz_id, projekt) values (3, 0, 5, 5, 1);

insert into anforderung (id, version, ausmass, kompetenz_id, projekt) values (4, 0, 3, 3, 2);
insert into anforderung (id, version, ausmass, kompetenz_id, projekt) values (5, 0, 7, 5, 2);
insert into anforderung (id, version, ausmass, kompetenz_id, projekt) values (6, 0, 8, 6, 2);

insert into anforderung (id, version, ausmass, kompetenz_id, projekt) values (7, 0, 8, 1, 3);
insert into anforderung (id, version, ausmass, kompetenz_id, projekt) values (8, 0, 4, 2, 3);

insert into anforderung (id, version, ausmass, kompetenz_id, projekt) values (9, 0, 6, 3, 4);
insert into anforderung (id, version, ausmass, kompetenz_id, projekt) values (10, 0, 4, 5, 4);
insert into anforderung (id, version, ausmass, kompetenz_id, projekt) values (11, 0, 3, 6, 4);


insert into person(id, version, DISPLAY_NAME, USERNAME, PROJEKT_ID, ROLE) values (1, 0, 'Seczer Tobias',	'6159@htl.rennweg.at', null, 'ROLE_USER');
insert into person(id, version, DISPLAY_NAME, USERNAME, PROJEKT_ID, ROLE) values (2, 0, 'Kisling Daniel',	'6152@htl.rennweg.at', null, 'ROLE_USER');
insert into person(id, version, DISPLAY_NAME, USERNAME, PROJEKT_ID, ROLE) values (3, 0, 'Ott Dominik',	'6158@htl.rennweg.at', null, 'ROLE_USER');
insert into person(id, version, DISPLAY_NAME, USERNAME, PROJEKT_ID, ROLE) values (4, 0, 'Inführ Tobias',	'7159@htl.rennweg.at', null, 'ROLE_USER');
insert into person(id, version, DISPLAY_NAME, USERNAME, PROJEKT_ID, ROLE) values (5, 0, 'Preissegger Leo',	'7153@htl.rennweg.at', null, 'ROLE_USER');
insert into person(id, version, DISPLAY_NAME, USERNAME, PROJEKT_ID, ROLE) values (6, 0, 'Kubesch Oliver',	'7154@htl.rennweg.at', null, 'ROLE_USER');
insert into person(id, version, DISPLAY_NAME, USERNAME, PROJEKT_ID, ROLE) values (7, 0, 'Schlößl Andreas',	'7155@htl.rennweg.at', null, 'ROLE_USER');
insert into person (id, version, display_name, USERNAME, PROJEKT_ID, ROLE) values (8, 0, 'Karyn Pressdee', 'kpressdee7@abc.net.au', null, 'ROLE_USER');
insert into person (id, version, display_name, USERNAME, PROJEKT_ID, ROLE) values (9, 0, 'Tomi Simper', 'tsimper8@indiegogo.com', null, 'ROLE_USER');
insert into person (id, version, display_name, USERNAME, PROJEKT_ID, ROLE) values (10, 0, 'Meir Bleckly', 'mbleckly9@phoca.cz', null, 'ROLE_USER');
insert into person (id, version, display_name, USERNAME, PROJEKT_ID, ROLE) values (11, 0, 'Benito Liepina', 'bliepinaa@squarespace.com', null, 'ROLE_USER');
insert into person (id, version, display_name, USERNAME, PROJEKT_ID, ROLE) values (12, 0, 'Korie Spaughton', 'kspaughtonb@jugem.jp', null, 'ROLE_USER');
insert into person (id, version, display_name, USERNAME, PROJEKT_ID, ROLE) values (13, 0, 'Marlie Roiz', 'mroizc@amazon.co.uk', null, 'ROLE_USER');
insert into person (id, version, display_name, USERNAME, PROJEKT_ID, ROLE) values (14, 0, 'Aila Benzing', 'abenzingd@ucsd.edu', null, 'ROLE_USER');
insert into person (id, version, display_name, USERNAME, PROJEKT_ID, ROLE) values (15, 0, 'Melitta Guiot', 'mguiote@1und1.de', null, 'ROLE_USER');
insert into person (id, version, display_name, USERNAME, PROJEKT_ID, ROLE) values (16, 0, 'Elyssa Hollyland', 'ehollylandf@about.com', null, 'ROLE_USER');
insert into person (id, version, display_name, USERNAME, PROJEKT_ID, ROLE) values (17, 0, 'Huntley Rubinivitz', 'hrubinivitzg@sina.com.cn', null, 'ROLE_USER');
insert into person (id, version, display_name, USERNAME, PROJEKT_ID, ROLE) values (18, 0, 'Lalo Titterell', 'ltitterellh@symantec.com', null, 'ROLE_USER');
insert into person (id, version, display_name, USERNAME, PROJEKT_ID, ROLE) values (19, 0, 'Jamie Mowat', 'jmowati@independent.co.uk', null, 'ROLE_USER');
insert into person (id, version, display_name, USERNAME, PROJEKT_ID, ROLE) values (20, 0, 'Cathy Gawkes', 'cgawkesj@ezinearticles.com', null, 'ROLE_USER');
insert into person (id, version, display_name, USERNAME, PROJEKT_ID, ROLE) values (21, 0, 'Lisbeth D''Ambrogi', 'ldambrogik@irs.gov', null, 'ROLE_USER');
insert into person (id, version, display_name, USERNAME, PROJEKT_ID, ROLE) values (22, 0, 'Zacherie Sorrell', 'zsorrelll@etsy.com', null, 'ROLE_USER');
insert into person (id, version, display_name, USERNAME, PROJEKT_ID, ROLE) values (23, 0, 'Elysha Morena', 'emorenam@ow.ly', null, 'ROLE_USER');
insert into person (id, version, display_name, USERNAME, PROJEKT_ID, ROLE) values (24, 0, 'Jourdan Ellington', 'jellingtonn@apache.org', null, 'ROLE_USER');


-- region Qualifikationen
insert into QUALIFIKATION (id, version, ausmass, kompetenz_id, person_id) values (1, 0, 1, 1, 1);
insert into QUALIFIKATION (id, version, ausmass, kompetenz_id, person_id) values (2, 0, 4, 2, 1);
insert into QUALIFIKATION (id, version, ausmass, kompetenz_id, person_id) values (3, 0, 4, 3, 1);
insert into QUALIFIKATION (id, version, ausmass, kompetenz_id, person_id) values (4, 0, 1, 4, 1);
insert into QUALIFIKATION (id, version, ausmass, kompetenz_id, person_id) values (5, 0, 7, 5, 1);
insert into QUALIFIKATION (id, version, ausmass, kompetenz_id, person_id) values (6, 0, 6, 6, 1);
insert into QUALIFIKATION (id, version, ausmass, kompetenz_id, person_id) values (7, 0, 4, 1, 2);
insert into QUALIFIKATION (id, version, ausmass, kompetenz_id, person_id) values (8, 0, 4, 2, 2);
insert into QUALIFIKATION (id, version, ausmass, kompetenz_id, person_id) values (9, 0, 10, 3, 2);
insert into QUALIFIKATION (id, version, ausmass, kompetenz_id, person_id) values (10, 0, 4, 4, 2);
insert into QUALIFIKATION (id, version, ausmass, kompetenz_id, person_id) values (11, 0, 6, 5, 2);
insert into QUALIFIKATION (id, version, ausmass, kompetenz_id, person_id) values (12, 0, 5, 6, 2);
insert into QUALIFIKATION (id, version, ausmass, kompetenz_id, person_id) values (13, 0, 9, 1, 3);
insert into QUALIFIKATION (id, version, ausmass, kompetenz_id, person_id) values (14, 0, 9, 2, 3);
insert into QUALIFIKATION (id, version, ausmass, kompetenz_id, person_id) values (15, 0, 8, 3, 3);
insert into QUALIFIKATION (id, version, ausmass, kompetenz_id, person_id) values (16, 0, 10, 4, 3);
insert into QUALIFIKATION (id, version, ausmass, kompetenz_id, person_id) values (17, 0, 1, 5, 3);
insert into QUALIFIKATION (id, version, ausmass, kompetenz_id, person_id) values (18, 0, 6, 6, 3);
insert into QUALIFIKATION (id, version, ausmass, kompetenz_id, person_id) values (19, 0, 8, 1, 4);
insert into QUALIFIKATION (id, version, ausmass, kompetenz_id, person_id) values (20, 0, 6, 2, 4);
insert into QUALIFIKATION (id, version, ausmass, kompetenz_id, person_id) values (21, 0, 9, 3, 4);
insert into QUALIFIKATION (id, version, ausmass, kompetenz_id, person_id) values (22, 0, 7, 4, 4);
insert into QUALIFIKATION (id, version, ausmass, kompetenz_id, person_id) values (23, 0, 4, 5, 4);
insert into QUALIFIKATION (id, version, ausmass, kompetenz_id, person_id) values (24, 0, 7, 6, 4);
insert into QUALIFIKATION (id, version, ausmass, kompetenz_id, person_id) values (25, 0, 9, 1, 5);
insert into QUALIFIKATION (id, version, ausmass, kompetenz_id, person_id) values (26, 0, 1, 2, 5);
insert into QUALIFIKATION (id, version, ausmass, kompetenz_id, person_id) values (27, 0, 8, 3, 5);
insert into QUALIFIKATION (id, version, ausmass, kompetenz_id, person_id) values (28, 0, 1, 4, 5);
insert into QUALIFIKATION (id, version, ausmass, kompetenz_id, person_id) values (29, 0, 7, 5, 5);
insert into QUALIFIKATION (id, version, ausmass, kompetenz_id, person_id) values (30, 0, 10, 6, 5);
insert into QUALIFIKATION (id, version, ausmass, kompetenz_id, person_id) values (31, 0, 10, 1, 6);
insert into QUALIFIKATION (id, version, ausmass, kompetenz_id, person_id) values (32, 0, 7, 2, 6);
insert into QUALIFIKATION (id, version, ausmass, kompetenz_id, person_id) values (33, 0, 8, 3, 6);
insert into QUALIFIKATION (id, version, ausmass, kompetenz_id, person_id) values (34, 0, 9, 4, 6);
insert into QUALIFIKATION (id, version, ausmass, kompetenz_id, person_id) values (35, 0, 9, 5, 6);
insert into QUALIFIKATION (id, version, ausmass, kompetenz_id, person_id) values (36, 0, 10, 6, 6);
insert into QUALIFIKATION (id, version, ausmass, kompetenz_id, person_id) values (37, 0, 1, 1, 7);
insert into QUALIFIKATION (id, version, ausmass, kompetenz_id, person_id) values (38, 0, 7, 2, 7);
insert into QUALIFIKATION (id, version, ausmass, kompetenz_id, person_id) values (39, 0, 2, 3, 7);
insert into QUALIFIKATION (id, version, ausmass, kompetenz_id, person_id) values (40, 0, 5, 4, 7);
insert into QUALIFIKATION (id, version, ausmass, kompetenz_id, person_id) values (41, 0, 9, 5, 7);
insert into QUALIFIKATION (id, version, ausmass, kompetenz_id, person_id) values (42, 0, 4, 6, 7);
insert into QUALIFIKATION (id, version, ausmass, kompetenz_id, person_id) values (43, 0, 6, 1, 8);
insert into QUALIFIKATION (id, version, ausmass, kompetenz_id, person_id) values (44, 0, 10, 2, 8);
insert into QUALIFIKATION (id, version, ausmass, kompetenz_id, person_id) values (45, 0, 5, 3, 8);
insert into QUALIFIKATION (id, version, ausmass, kompetenz_id, person_id) values (46, 0, 3, 4, 8);
insert into QUALIFIKATION (id, version, ausmass, kompetenz_id, person_id) values (47, 0, 6, 5, 8);
insert into QUALIFIKATION (id, version, ausmass, kompetenz_id, person_id) values (48, 0, 10, 6, 8);
insert into QUALIFIKATION (id, version, ausmass, kompetenz_id, person_id) values (49, 0, 4, 1, 9);
insert into QUALIFIKATION (id, version, ausmass, kompetenz_id, person_id) values (50, 0, 6, 2, 9);
insert into QUALIFIKATION (id, version, ausmass, kompetenz_id, person_id) values (51, 0, 3, 3, 9);
insert into QUALIFIKATION (id, version, ausmass, kompetenz_id, person_id) values (52, 0, 2, 4, 9);
insert into QUALIFIKATION (id, version, ausmass, kompetenz_id, person_id) values (53, 0, 7, 5, 9);
insert into QUALIFIKATION (id, version, ausmass, kompetenz_id, person_id) values (54, 0, 4, 6, 9);
insert into QUALIFIKATION (id, version, ausmass, kompetenz_id, person_id) values (55, 0, 5, 1, 10);
insert into QUALIFIKATION (id, version, ausmass, kompetenz_id, person_id) values (56, 0, 8, 2, 10);
insert into QUALIFIKATION (id, version, ausmass, kompetenz_id, person_id) values (57, 0, 6, 3, 10);
insert into QUALIFIKATION (id, version, ausmass, kompetenz_id, person_id) values (58, 0, 5, 4, 10);
insert into QUALIFIKATION (id, version, ausmass, kompetenz_id, person_id) values (59, 0, 9, 5, 10);
insert into QUALIFIKATION (id, version, ausmass, kompetenz_id, person_id) values (60, 0, 9, 6, 10);
insert into QUALIFIKATION (id, version, ausmass, kompetenz_id, person_id) values (61, 0, 10, 1, 11);
insert into QUALIFIKATION (id, version, ausmass, kompetenz_id, person_id) values (62, 0, 5, 2, 11);
insert into QUALIFIKATION (id, version, ausmass, kompetenz_id, person_id) values (63, 0, 3, 3, 11);
insert into QUALIFIKATION (id, version, ausmass, kompetenz_id, person_id) values (64, 0, 9, 4, 11);
insert into QUALIFIKATION (id, version, ausmass, kompetenz_id, person_id) values (65, 0, 7, 5, 11);
insert into QUALIFIKATION (id, version, ausmass, kompetenz_id, person_id) values (66, 0, 10, 6, 11);
insert into QUALIFIKATION (id, version, ausmass, kompetenz_id, person_id) values (67, 0, 1, 1, 12);
insert into QUALIFIKATION (id, version, ausmass, kompetenz_id, person_id) values (68, 0, 2, 2, 12);
insert into QUALIFIKATION (id, version, ausmass, kompetenz_id, person_id) values (69, 0, 7, 3, 12);
insert into QUALIFIKATION (id, version, ausmass, kompetenz_id, person_id) values (70, 0, 9, 4, 12);
insert into QUALIFIKATION (id, version, ausmass, kompetenz_id, person_id) values (71, 0, 6, 5, 12);
insert into QUALIFIKATION (id, version, ausmass, kompetenz_id, person_id) values (72, 0, 7, 6, 12);
insert into QUALIFIKATION (id, version, ausmass, kompetenz_id, person_id) values (73, 0, 4, 1, 13);
insert into QUALIFIKATION (id, version, ausmass, kompetenz_id, person_id) values (74, 0, 10, 2, 13);
insert into QUALIFIKATION (id, version, ausmass, kompetenz_id, person_id) values (75, 0, 7, 3, 13);
insert into QUALIFIKATION (id, version, ausmass, kompetenz_id, person_id) values (76, 0, 8, 4, 13);
insert into QUALIFIKATION (id, version, ausmass, kompetenz_id, person_id) values (77, 0, 5, 5, 13);
insert into QUALIFIKATION (id, version, ausmass, kompetenz_id, person_id) values (78, 0, 6, 6, 13);
insert into QUALIFIKATION (id, version, ausmass, kompetenz_id, person_id) values (79, 0, 5, 1, 14);
insert into QUALIFIKATION (id, version, ausmass, kompetenz_id, person_id) values (80, 0, 6, 2, 14);
insert into QUALIFIKATION (id, version, ausmass, kompetenz_id, person_id) values (81, 0, 10, 3, 14);
insert into QUALIFIKATION (id, version, ausmass, kompetenz_id, person_id) values (82, 0, 9, 4, 14);
insert into QUALIFIKATION (id, version, ausmass, kompetenz_id, person_id) values (83, 0, 2, 5, 14);
insert into QUALIFIKATION (id, version, ausmass, kompetenz_id, person_id) values (84, 0, 8, 6, 14);
insert into QUALIFIKATION (id, version, ausmass, kompetenz_id, person_id) values (85, 0, 2, 1, 15);
insert into QUALIFIKATION (id, version, ausmass, kompetenz_id, person_id) values (86, 0, 10, 2, 15);
insert into QUALIFIKATION (id, version, ausmass, kompetenz_id, person_id) values (87, 0, 3, 3, 15);
insert into QUALIFIKATION (id, version, ausmass, kompetenz_id, person_id) values (88, 0, 8, 4, 15);
insert into QUALIFIKATION (id, version, ausmass, kompetenz_id, person_id) values (89, 0, 8, 5, 15);
insert into QUALIFIKATION (id, version, ausmass, kompetenz_id, person_id) values (90, 0, 5, 6, 15);
insert into QUALIFIKATION (id, version, ausmass, kompetenz_id, person_id) values (91, 0, 8, 1, 16);
insert into QUALIFIKATION (id, version, ausmass, kompetenz_id, person_id) values (92, 0, 5, 2, 16);
insert into QUALIFIKATION (id, version, ausmass, kompetenz_id, person_id) values (93, 0, 3, 3, 16);
insert into QUALIFIKATION (id, version, ausmass, kompetenz_id, person_id) values (94, 0, 9, 4, 16);
insert into QUALIFIKATION (id, version, ausmass, kompetenz_id, person_id) values (95, 0, 7, 5, 16);
insert into QUALIFIKATION (id, version, ausmass, kompetenz_id, person_id) values (96, 0, 1, 6, 16);
insert into QUALIFIKATION (id, version, ausmass, kompetenz_id, person_id) values (97, 0, 8, 1, 17);
insert into QUALIFIKATION (id, version, ausmass, kompetenz_id, person_id) values (98, 0, 7, 2, 17);
insert into QUALIFIKATION (id, version, ausmass, kompetenz_id, person_id) values (99, 0, 9, 3, 17);
insert into QUALIFIKATION (id, version, ausmass, kompetenz_id, person_id) values (100, 0, 1, 4, 17);
insert into QUALIFIKATION (id, version, ausmass, kompetenz_id, person_id) values (101, 0, 10, 5, 17);
insert into QUALIFIKATION (id, version, ausmass, kompetenz_id, person_id) values (102, 0, 3, 6, 17);
insert into QUALIFIKATION (id, version, ausmass, kompetenz_id, person_id) values (103, 0, 9, 1, 18);
insert into QUALIFIKATION (id, version, ausmass, kompetenz_id, person_id) values (104, 0, 6, 2, 18);
insert into QUALIFIKATION (id, version, ausmass, kompetenz_id, person_id) values (105, 0, 2, 3, 18);
insert into QUALIFIKATION (id, version, ausmass, kompetenz_id, person_id) values (106, 0, 3, 4, 18);
insert into QUALIFIKATION (id, version, ausmass, kompetenz_id, person_id) values (107, 0, 9, 5, 18);
insert into QUALIFIKATION (id, version, ausmass, kompetenz_id, person_id) values (108, 0, 4, 6, 18);
insert into QUALIFIKATION (id, version, ausmass, kompetenz_id, person_id) values (109, 0, 2, 1, 19);
insert into QUALIFIKATION (id, version, ausmass, kompetenz_id, person_id) values (110, 0, 8, 2, 19);
insert into QUALIFIKATION (id, version, ausmass, kompetenz_id, person_id) values (111, 0, 7, 3, 19);
insert into QUALIFIKATION (id, version, ausmass, kompetenz_id, person_id) values (112, 0, 3, 4, 19);
insert into QUALIFIKATION (id, version, ausmass, kompetenz_id, person_id) values (113, 0, 10, 5, 19);
insert into QUALIFIKATION (id, version, ausmass, kompetenz_id, person_id) values (114, 0, 7, 6, 19);
insert into QUALIFIKATION (id, version, ausmass, kompetenz_id, person_id) values (115, 0, 10, 1, 20);
insert into QUALIFIKATION (id, version, ausmass, kompetenz_id, person_id) values (116, 0, 5, 2, 20);
insert into QUALIFIKATION (id, version, ausmass, kompetenz_id, person_id) values (117, 0, 6, 3, 20);
insert into QUALIFIKATION (id, version, ausmass, kompetenz_id, person_id) values (118, 0, 8, 4, 20);
insert into QUALIFIKATION (id, version, ausmass, kompetenz_id, person_id) values (119, 0, 6, 5, 20);
insert into QUALIFIKATION (id, version, ausmass, kompetenz_id, person_id) values (120, 0, 4, 6, 20);
insert into QUALIFIKATION (id, version, ausmass, kompetenz_id, person_id) values (121, 0, 5, 1, 21);
insert into QUALIFIKATION (id, version, ausmass, kompetenz_id, person_id) values (122, 0, 4, 2, 21);
insert into QUALIFIKATION (id, version, ausmass, kompetenz_id, person_id) values (123, 0, 2, 3, 21);
insert into QUALIFIKATION (id, version, ausmass, kompetenz_id, person_id) values (124, 0, 3, 4, 21);
insert into QUALIFIKATION (id, version, ausmass, kompetenz_id, person_id) values (125, 0, 1, 5, 21);
insert into QUALIFIKATION (id, version, ausmass, kompetenz_id, person_id) values (126, 0, 1, 6, 21);
insert into QUALIFIKATION (id, version, ausmass, kompetenz_id, person_id) values (127, 0, 7, 1, 22);
insert into QUALIFIKATION (id, version, ausmass, kompetenz_id, person_id) values (128, 0, 7, 2, 22);
insert into QUALIFIKATION (id, version, ausmass, kompetenz_id, person_id) values (129, 0, 1, 3, 22);
insert into QUALIFIKATION (id, version, ausmass, kompetenz_id, person_id) values (130, 0, 3, 4, 22);
insert into QUALIFIKATION (id, version, ausmass, kompetenz_id, person_id) values (131, 0, 8, 5, 22);
insert into QUALIFIKATION (id, version, ausmass, kompetenz_id, person_id) values (132, 0, 3, 6, 22);
insert into QUALIFIKATION (id, version, ausmass, kompetenz_id, person_id) values (133, 0, 5, 1, 23);
insert into QUALIFIKATION (id, version, ausmass, kompetenz_id, person_id) values (134, 0, 5, 2, 23);
insert into QUALIFIKATION (id, version, ausmass, kompetenz_id, person_id) values (135, 0, 6, 3, 23);
insert into QUALIFIKATION (id, version, ausmass, kompetenz_id, person_id) values (136, 0, 2, 4, 23);
insert into QUALIFIKATION (id, version, ausmass, kompetenz_id, person_id) values (137, 0, 2, 5, 23);
insert into QUALIFIKATION (id, version, ausmass, kompetenz_id, person_id) values (138, 0, 2, 6, 23);
insert into QUALIFIKATION (id, version, ausmass, kompetenz_id, person_id) values (139, 0, 5, 1, 24);
insert into QUALIFIKATION (id, version, ausmass, kompetenz_id, person_id) values (140, 0, 7, 2, 24);
insert into QUALIFIKATION (id, version, ausmass, kompetenz_id, person_id) values (141, 0, 8, 3, 24);
insert into QUALIFIKATION (id, version, ausmass, kompetenz_id, person_id) values (142, 0, 5, 4, 24);
insert into QUALIFIKATION (id, version, ausmass, kompetenz_id, person_id) values (143, 0, 5, 5, 24);
insert into QUALIFIKATION (id, version, ausmass, kompetenz_id, person_id) values (144, 0, 6, 6, 24);
-- endregion